PRAGMA foreign_keys=OFF;
BEGIN TRANSACTION;
CREATE TABLE IF NOT EXISTS "migrations" ("id" integer primary key autoincrement not null, "migration" varchar not null, "batch" integer not null);
INSERT INTO migrations VALUES(1,'0001_01_01_000000_create_users_table',1);
INSERT INTO migrations VALUES(2,'0001_01_01_000001_create_cache_table',1);
INSERT INTO migrations VALUES(3,'0001_01_01_000002_create_jobs_table',1);
INSERT INTO migrations VALUES(4,'2024_11_03_030736_create_theaters_table',1);
INSERT INTO migrations VALUES(5,'2024_11_03_030812_create_movies_table',1);
INSERT INTO migrations VALUES(6,'2024_11_03_030817_create_sales_table',1);
CREATE TABLE IF NOT EXISTS "users" ("id" integer primary key autoincrement not null, "name" varchar not null, "email" varchar not null, "email_verified_at" datetime, "password" varchar not null, "remember_token" varchar, "created_at" datetime, "updated_at" datetime);
CREATE TABLE IF NOT EXISTS "password_reset_tokens" ("email" varchar not null, "token" varchar not null, "created_at" datetime, primary key ("email"));
CREATE TABLE IF NOT EXISTS "sessions" ("id" varchar not null, "user_id" integer, "ip_address" varchar, "user_agent" text, "payload" text not null, "last_activity" integer not null, primary key ("id"));
INSERT INTO sessions VALUES('QMToQt1c77jSAD2hbcDOddS8byhxnkhhRj2Wqr78',NULL,'127.0.0.1','Mozilla/5.0 (Macintosh; Intel Mac OS X 10_15_7) AppleWebKit/537.36 (KHTML, like Gecko) Chrome/129.0.0.0 Safari/537.36','YTozOntzOjY6Il90b2tlbiI7czo0MDoiZGRjSUt4b25BQ3RoY2JleU5tcHdKRjB5R3lhVXpXcDYzcnpwTUo4NCI7czo5OiJfcHJldmlvdXMiO2E6MTp7czozOiJ1cmwiO3M6MzE6Imh0dHA6Ly8xMjcuMC4wLjE6ODAwMi9hbmFseXRpY3MiO31zOjY6Il9mbGFzaCI7YToyOntzOjM6Im9sZCI7YTowOnt9czozOiJuZXciO2E6MDp7fX19',1730800355);
CREATE TABLE IF NOT EXISTS "cache" ("key" varchar not null, "value" text not null, "expiration" integer not null, primary key ("key"));
CREATE TABLE IF NOT EXISTS "cache_locks" ("key" varchar not null, "owner" varchar not null, "expiration" integer not null, primary key ("key"));
CREATE TABLE IF NOT EXISTS "jobs" ("id" integer primary key autoincrement not null, "queue" varchar not null, "payload" text not null, "attempts" integer not null, "reserved_at" integer, "available_at" integer not null, "created_at" integer not null);
CREATE TABLE IF NOT EXISTS "job_batches" ("id" varchar not null, "name" varchar not null, "total_jobs" integer not null, "pending_jobs" integer not null, "failed_jobs" integer not null, "failed_job_ids" text not null, "options" text, "cancelled_at" integer, "created_at" integer not null, "finished_at" integer, primary key ("id"));
CREATE TABLE IF NOT EXISTS "failed_jobs" ("id" integer primary key autoincrement not null, "uuid" varchar not null, "connection" text not null, "queue" text not null, "payload" text not null, "exception" text not null, "failed_at" datetime not null default CURRENT_TIMESTAMP);
CREATE TABLE IF NOT EXISTS "theaters" ("id" integer primary key autoincrement not null, "name" varchar not null, "location" varchar, "created_at" datetime, "updated_at" datetime);
INSERT INTO theaters VALUES(8,'AMC Culver City','1334 Roosevelt Street, Los Angeles, CA 90402','2024-11-04 01:42:03','2024-11-05 08:54:56');
INSERT INTO theaters VALUES(9,'AMC Santa Monica','1932 3rd Street, Santa Monica, CA 90404','2024-11-04 23:26:28','2024-11-04 23:58:42');
INSERT INTO theaters VALUES(12,'Culver Theater','3967 Sepulveda Blvd, Culver City, CA 90230','2024-11-05 00:40:22','2024-11-05 00:40:22');
CREATE TABLE IF NOT EXISTS "movies" ("id" integer primary key autoincrement not null, "title" varchar not null, "release_date" date, "created_at" datetime, "updated_at" datetime);
INSERT INTO movies VALUES(1,'Happy Gilmore','2018-10-16','2024-11-04 01:42:03','2024-11-05 08:55:22');
INSERT INTO movies VALUES(4,'Forrest Gump','1994-07-06','2024-11-04 01:42:03','2024-11-04 01:42:03');
INSERT INTO movies VALUES(5,'Interstellar','2014-11-07','2024-11-04 01:42:03','2024-11-04 01:42:03');
INSERT INTO movies VALUES(7,'The Wizard of Oz','1989-11-11','2024-11-05 00:39:57','2024-11-05 08:55:40');
CREATE TABLE IF NOT EXISTS "sales" ("id" integer primary key autoincrement not null, "movie_id" integer not null, "theater_id" integer not null, "date" date not null, "sales_amount" numeric not null, "created_at" datetime, "updated_at" datetime, foreign key("movie_id") references "movies"("id") on delete cascade, foreign key("theater_id") references "theaters"("id") on delete cascade);
INSERT INTO sales VALUES(13,5,8,'2024-11-03',700,'2024-11-04 01:42:03','2024-11-05 05:33:00');
INSERT INTO sales VALUES(14,5,8,'2024-11-01',450,'2024-11-04 01:42:03','2024-11-05 05:33:18');
INSERT INTO sales VALUES(19,5,8,'2024-10-29',700,'2024-11-04 01:42:03','2024-11-05 05:33:35');
INSERT INTO sales VALUES(20,5,8,'2024-10-29',450,'2024-11-04 01:42:03','2024-11-05 05:33:46');
INSERT INTO sales VALUES(25,7,12,'2024-10-31',1000,'2024-11-05 05:35:57','2024-11-05 05:35:57');
INSERT INTO sales VALUES(26,7,12,'2024-11-02',1100,'2024-11-05 05:35:57','2024-11-05 05:35:57');
INSERT INTO sales VALUES(27,7,12,'2024-11-01',1300,'2024-11-05 05:35:57','2024-11-05 05:35:57');
INSERT INTO sales VALUES(28,7,9,'2024-11-03',900,'2024-11-05 05:35:57','2024-11-05 05:35:57');
INSERT INTO sales VALUES(29,7,9,'2024-10-30',800,'2024-11-05 05:35:57','2024-11-05 05:35:57');
INSERT INTO sales VALUES(30,7,8,'2024-10-29',1000,'2024-11-05 05:35:57',NULL);
INSERT INTO sales VALUES(31,1,8,'2024-10-31',500,'2024-11-05 06:49:59','2024-11-05 06:49:59');
INSERT INTO sales VALUES(32,1,8,'2024-11-01',600,'2024-11-05 06:49:59','2024-11-05 06:49:59');
INSERT INTO sales VALUES(33,1,8,'2024-11-02',700,'2024-11-05 06:49:59','2024-11-05 07:21:31');
INSERT INTO sales VALUES(34,1,8,'2024-11-02',800,'2024-11-05 06:49:59','2024-11-05 06:49:59');
INSERT INTO sales VALUES(35,1,8,'2024-11-03',500,'2024-11-05 06:49:59','2024-11-05 06:49:59');
INSERT INTO sales VALUES(36,1,8,'2024-10-30',500,'2024-11-05 06:55:34','2024-11-05 06:55:34');
INSERT INTO sales VALUES(37,1,8,'2024-10-29',500,'2024-11-05 06:55:34','2024-11-05 06:55:34');
INSERT INTO sales VALUES(38,4,9,'2024-10-31',1400,'2024-11-05 06:55:34','2024-11-05 06:55:34');
INSERT INTO sales VALUES(39,4,9,'2024-11-01',900,'2024-11-05 06:55:34','2024-11-05 06:55:34');
INSERT INTO sales VALUES(40,4,9,'2024-11-02',800,'2024-11-05 06:55:34','2024-11-05 06:55:34');
INSERT INTO sales VALUES(41,4,9,'2024-11-02',900,'2024-11-05 06:55:34','2024-11-05 06:55:34');
INSERT INTO sales VALUES(42,4,9,'2024-11-03',900,'2024-11-05 06:55:34','2024-11-05 06:55:34');
INSERT INTO sales VALUES(43,4,9,'2024-10-30',1200,'2024-11-05 06:55:34','2024-11-05 06:55:34');
INSERT INTO sales VALUES(44,4,9,'2024-10-29',1000,'2024-11-05 06:55:34','2024-11-05 06:55:34');
INSERT INTO sales VALUES(45,5,12,'2024-10-30',200,'2024-11-05 07:01:45','2024-11-05 07:01:45');
INSERT INTO sales VALUES(46,5,12,'2024-10-31',200,'2024-11-05 07:01:59','2024-11-05 07:01:59');
INSERT INTO sales VALUES(47,5,12,'2024-11-02',200,'2024-11-05 07:02:43','2024-11-05 07:02:43');
DELETE FROM sqlite_sequence;
INSERT INTO sqlite_sequence VALUES('migrations',6);
INSERT INTO sqlite_sequence VALUES('theaters',13);
INSERT INTO sqlite_sequence VALUES('movies',7);
INSERT INTO sqlite_sequence VALUES('sales',47);
CREATE UNIQUE INDEX "users_email_unique" on "users" ("email");
CREATE INDEX "sessions_user_id_index" on "sessions" ("user_id");
CREATE INDEX "sessions_last_activity_index" on "sessions" ("last_activity");
CREATE INDEX "jobs_queue_index" on "jobs" ("queue");
CREATE UNIQUE INDEX "failed_jobs_uuid_unique" on "failed_jobs" ("uuid");
COMMIT;
